1,Simone,Marcroft,smarcroft0@go.com,Polygender,223 904 9385
2,Moise,Janjusevic,mjanjusevic1@dion.ne.jp,Polygender,908 967 1712
3,Tybie,McGilvra,tmcgilvra2@hao123.com,Genderfluid,829 522 4465
4,Quill,Mertel,qmertel3@facebook.com,Polygender,339 993 4835
5,Clark,Antonelli,cantonelli4@ustream.tv,Agender,326 568 4661
6,Lyell,Cavolini,lcavolini5@zimbio.com,Genderfluid,102 135 9191
7,Rollin,Pyner,rpyner6@spiegel.de,Bigender,875 865 4689
8,Monte,Hatliffe,mhatliffe7@harvard.edu,Bigender,365 559 4942
9,Randell,Blampied,rblampied8@netvibes.com,Polygender,634 411 1150
10,Dasie,Fritschel,dfritschel9@plala.or.jp,Male,788 412 2676
11,Xymenes,Ricardon,xricardona@friendfeed.com,Genderqueer,271 341 9136
12,Lana,Wetherill,lwetherillb@simplemachines.org,Agender,619 437 5111
13,Anallise,Cassam,acassamc@google.de,Male,591 667 7257
14,Maria,Stronach,mstronachd@omniture.com,Genderfluid,808 321 6730
15,Elliot,Veryard,everyarde@bbc.co.uk,Non-binary,965 762 4723
16,Meggi,Freen,mfreenf@163.com,Genderfluid,435 685 4504
17,Elwira,Larchier,elarchierg@pcworld.com,Genderfluid,915 895 0539
18,Mirelle,Baverstock,mbaverstockh@nsw.gov.au,Genderqueer,243 533 3490
19,Melantha,Librey,mlibreyi@last.fm,Genderfluid,470 183 9708
20,Granthem,Borrill,gborrillj@a8.net,Polygender,163 413 2937
21,Paquito,Newark,pnewarkk@webnode.com,Genderqueer,565 912 7154
22,Annmarie,Bonass,abonassl@examiner.com,Agender,465 177 4837
23,Booth,McGruar,bmcgruarm@xrea.com,Genderqueer,559 672 7723
24,Melli,Petrelli,mpetrellin@chicagotribune.com,Genderqueer,797 108 6302
25,Timmy,Crosston,tcrosstono@mapy.cz,Agender,171 291 2234
26,Germana,Dominico,gdominicop@goo.gl,Male,351 823 1052
27,Jermaine,Curson,jcursonq@blogs.com,Agender,120 920 0764
28,Dyana,Sweating,dsweatingr@netscape.com,Female,168 729 5286
29,Onofredo,Aslett,oasletts@w3.org,Agender,645 953 4227
30,Chantalle,Sutty,csuttyt@webeden.co.uk,Polygender,546 219 0346
31,Simeon,Chomley,schomleyu@answers.com,Genderqueer,383 464 7145
32,Callida,Virgo,cvirgov@icio.us,Genderqueer,524 542 2202
33,Dael,Windridge,dwindridgew@biglobe.ne.jp,Genderqueer,725 423 4504
34,Sallee,Hulke,shulkex@deviantart.com,Male,158 316 5766
35,Meredeth,D'Aulby,mdaulbyy@lulu.com,Male,831 395 2992
36,Shirline,Grindall,sgrindallz@angelfire.com,Agender,144 145 8183
37,Melessa,Iddiens,middiens10@nifty.com,Non-binary,591 986 9699
38,Sophia,Cockcroft,scockcroft11@godaddy.com,Male,442 775 6614
39,Jay,Lyle,jlyle12@mozilla.com,Female,716 544 7984
40,Starlene,Bishopp,sbishopp13@unesco.org,Male,972 148 9224
41,Anastasie,Forrester,aforrester14@jigsy.com,Bigender,697 677 0911
42,May,Irvine,mirvine15@ifeng.com,Female,229 560 6437
43,Kaila,Avison,kavison16@xinhuanet.com,Non-binary,243 908 1053
44,Mathilda,Deaconson,mdeaconson17@nydailynews.com,Bigender,175 672 3734
45,Jerrold,Jodlkowski,jjodlkowski18@ihg.com,Female,275 694 4540
46,Shaine,Cudby,scudby19@vistaprint.com,Female,722 202 5269
47,Donia,Iles,diles1a@vimeo.com,Genderfluid,787 212 4588
48,Teodoor,Yard,tyard1b@usnews.com,Agender,916 860 1273
49,Leeland,Allerton,lallerton1c@noaa.gov,Genderqueer,747 901 6043
50,Konstanze,Kellington,kkellington1d@tamu.edu,Male,712 647 2768
51,Chaunce,Upton,cupton1e@wiley.com,Polygender,398 507 1289
52,Jonah,Swindall,jswindall1f@i2i.jp,Genderfluid,111 537 5540
53,Kelly,Landman,klandman1g@gmpg.org,Genderqueer,997 948 9038
54,Jamie,Baldassi,jbaldassi1h@epa.gov,Agender,152 450 6618
55,Alessandra,Gleeton,agleeton1i@shinystat.com,Agender,518 127 8532
56,Lanie,Lowth,llowth1j@latimes.com,Polygender,464 848 7754
57,Emmalynne,Matton,ematton1k@google.com.hk,Female,959 746 1618
58,Prue,Leaning,pleaning1l@yellowpages.com,Polygender,515 552 5405
59,Judi,Goady,jgoady1m@is.gd,Genderqueer,218 687 9550
60,Ansel,De Leek,adeleek1n@exblog.jp,Genderfluid,309 519 1759
61,Kerby,Ram,kram1o@aol.com,Genderfluid,663 973 2447
62,Darby,Lydford,dlydford1p@gov.uk,Female,919 292 3936
63,Louisa,Jeannaud,ljeannaud1q@umich.edu,Female,173 355 3884
64,Anastasie,Vatini,avatini1r@tinyurl.com,Bigender,851 152 2187
65,Bevvy,Rayner,brayner1s@loc.gov,Genderfluid,362 881 1632
66,Sianna,Kleinstern,skleinstern1t@ed.gov,Polygender,242 564 1490
67,Clayton,Miroy,cmiroy1u@nature.com,Female,807 178 5352
68,Vinni,Pyecroft,vpyecroft1v@archive.org,Bigender,763 757 2873
69,King,Lafond,klafond1w@geocities.jp,Genderfluid,632 545 8114
70,Dawna,Morstatt,dmorstatt1x@bing.com,Polygender,661 998 5075
71,Fedora,Fidgin,ffidgin1y@myspace.com,Bigender,490 446 0508
72,Petronia,Giacomo,pgiacomo1z@taobao.com,Polygender,804 171 8019
73,Prissie,Yven,pyven20@soup.io,Bigender,808 686 7543
74,Tadeo,O'Regan,toregan21@soundcloud.com,Genderfluid,897 893 0859
75,Peyter,Derges,pderges22@yale.edu,Non-binary,796 256 2774
76,Rolland,Squirrell,rsquirrell23@cargocollective.com,Non-binary,407 187 6926
77,Cos,Deppe,cdeppe24@gnu.org,Agender,750 183 6110
78,Katrina,Coneybeare,kconeybeare25@whitehouse.gov,Non-binary,336 705 2025
79,Eddy,Phoenix,ephoenix26@xing.com,Male,929 682 0644
80,Corrinne,Gavrielli,cgavrielli27@hhs.gov,Agender,237 856 2149
81,Rosabelle,Szymoni,rszymoni28@gravatar.com,Male,279 784 2267
82,Alida,Crowcroft,acrowcroft29@google.nl,Polygender,911 815 6174
83,Damaris,Hierro,dhierro2a@geocities.jp,Polygender,351 525 2165
84,Delly,Sutherley,dsutherley2b@si.edu,Bigender,784 308 6996
85,Kirk,Workman,kworkman2c@xrea.com,Genderfluid,112 883 9572
86,Pauletta,Lawee,plawee2d@hugedomains.com,Genderqueer,189 466 1994
87,Jacqui,Methley,jmethley2e@1und1.de,Genderqueer,326 106 7121
88,Elysee,Yule,eyule2f@wufoo.com,Bigender,317 871 3362
89,Tamiko,Hearnden,thearnden2g@nhs.uk,Male,945 215 5739
90,Ardath,Sowerbutts,asowerbutts2h@ca.gov,Genderfluid,435 545 2660
91,Elaine,Powling,epowling2i@cpanel.net,Male,521 396 2318
92,Tonia,Sugden,tsugden2j@de.vu,Polygender,252 480 3755
93,Maximilianus,Bruyett,mbruyett2k@typepad.com,Female,996 722 9155
94,Alberta,Chiese,achiese2l@clickbank.net,Non-binary,631 714 8808
95,Charles,Gorwood,cgorwood2m@guardian.co.uk,Agender,282 418 2033
96,Abraham,Le Grand,alegrand2n@privacy.gov.au,Agender,300 958 6387
97,Papageno,Baldi,pbaldi2o@skyrock.com,Polygender,886 436 1919
98,Norrie,Dedden,ndedden2p@spiegel.de,Male,209 938 8501
99,Weber,Bendson,wbendson2q@technorati.com,Genderfluid,804 640 8759
100,Myrtle,Lafay,mlafay2r@alibaba.com,Genderqueer,252 344 5784
101,Delmor,Dysert,ddysert2s@businessweek.com,Genderqueer,190 448 7432
102,Stanislaus,Shelley,sshelley2t@umn.edu,Female,310 430 2195
103,Kaitlin,Eilert,keilert2u@abc.net.au,Male,994 483 4144
104,Gabi,Mordie,gmordie2v@joomla.org,Genderfluid,898 519 3172
105,Elicia,Willetts,ewilletts2w@hostgator.com,Bigender,936 308 4860
106,Randy,Roxbee,rroxbee2x@kickstarter.com,Polygender,318 520 6938
107,Andonis,Romain,aromain2y@hatena.ne.jp,Genderfluid,342 669 9680
108,Jayson,Ledeker,jledeker2z@jiathis.com,Polygender,226 823 2512
109,Anet,Bernocchi,abernocchi30@yahoo.com,Bigender,371 350 4995
110,Ban,Dunsire,bdunsire31@china.com.cn,Non-binary,837 232 4578
111,Archaimbaud,Beahan,abeahan32@yandex.ru,Male,312 827 1624
112,Quinta,Rosenvasser,qrosenvasser33@networkadvertising.org,Genderfluid,490 890 0474
113,Prudence,Boyn,pboyn34@dell.com,Genderfluid,749 355 9327
114,Saudra,Posnett,sposnett35@wordpress.org,Non-binary,437 894 4447
115,Colline,Lambrook,clambrook36@fema.gov,Agender,566 157 4754
116,Corenda,Steptoe,csteptoe37@cnn.com,Polygender,185 417 2101
117,Marshall,Laweles,mlaweles38@rambler.ru,Female,396 670 8813
118,Galina,Fontell,gfontell39@geocities.jp,Male,608 482 6693
119,Calli,Beccles,cbeccles3a@nydailynews.com,Male,865 808 9368
120,Elane,Halbard,ehalbard3b@bing.com,Non-binary,695 360 2364
121,Rowena,Iscowitz,riscowitz3c@e-recht24.de,Polygender,752 779 4138
122,Tony,Kelwick,tkelwick3d@indiatimes.com,Male,919 364 4795
123,Libby,Northey,lnorthey3e@edublogs.org,Non-binary,644 457 4923
124,Merrick,Mardling,mmardling3f@newsvine.com,Polygender,271 564 5800
125,Erv,Fillery,efillery3g@prlog.org,Genderfluid,884 435 1282
126,Maddie,Godspede,mgodspede3h@prnewswire.com,Bigender,641 117 3577
127,Lonnie,Scantleberry,lscantleberry3i@e-recht24.de,Genderfluid,288 429 0793
128,Addia,Ranaghan,aranaghan3j@flavors.me,Bigender,564 246 3997
129,Sapphire,Aldersea,saldersea3k@japanpost.jp,Polygender,466 170 1837
130,Renault,Sutherel,rsutherel3l@microsoft.com,Female,382 256 5491
131,Kate,Cabrer,kcabrer3m@japanpost.jp,Genderfluid,492 467 9629
132,Aeriell,Kainz,akainz3n@omniture.com,Male,592 155 1904
133,Jaquenetta,Lazenbury,jlazenbury3o@vkontakte.ru,Female,212 609 2841
134,Tamera,Crosser,tcrosser3p@boston.com,Female,210 814 0553
135,Hy,Trustie,htrustie3q@walmart.com,Genderfluid,653 280 3235
136,Leonora,Malt,lmalt3r@123-reg.co.uk,Female,841 207 5666
137,Colene,Shearstone,cshearstone3s@g.co,Bigender,347 962 0373
138,Lizzy,Peacham,lpeacham3t@ning.com,Non-binary,618 839 4522
139,Sherlock,Beining,sbeining3u@ucoz.ru,Genderfluid,177 877 0717
140,Sile,Leonardi,sleonardi3v@who.int,Female,554 788 3547
141,Lulita,Marages,lmarages3w@tmall.com,Genderqueer,271 173 2697
142,Clarita,Mason,cmason3x@last.fm,Male,345 622 6797
143,Walther,Groarty,wgroarty3y@weibo.com,Agender,571 870 6653
144,Ddene,Townshend,dtownshend3z@slideshare.net,Genderfluid,645 266 8877
145,Sara,Benesevich,sbenesevich40@craigslist.org,Polygender,599 497 2997
146,Hobart,Testin,htestin41@soup.io,Genderqueer,793 196 3138
147,Letitia,Castelluzzi,lcastelluzzi42@comsenz.com,Polygender,632 432 4656
148,Sibeal,Ponte,sponte43@furl.net,Genderqueer,265 792 8557
149,Haskell,Matkovic,hmatkovic44@moonfruit.com,Female,178 389 6993
150,Steffi,Meaker,smeaker45@pinterest.com,Genderqueer,451 163 0721
151,Maridel,MacKaig,mmackaig46@nyu.edu,Agender,317 677 4054
152,Cortie,Cuffley,ccuffley47@chron.com,Agender,968 767 3226
153,Iseabal,Edgeon,iedgeon48@dmoz.org,Female,889 129 0408
154,Jimmie,Breming,jbreming49@rakuten.co.jp,Bigender,233 684 9671
155,Bartholemy,Griggs,bgriggs4a@archive.org,Agender,802 202 2039
156,Forbes,Samways,fsamways4b@yellowbook.com,Bigender,747 592 0899
157,Win,Swate,wswate4c@dailymail.co.uk,Non-binary,320 502 1294
158,Ambrose,Waller,awaller4d@shareasale.com,Male,948 885 2959
159,Kynthia,Seligson,kseligson4e@com.com,Agender,202 624 9184
160,Ola,Dodsley,ododsley4f@w3.org,Genderqueer,818 837 0443
161,Regina,Jost,rjost4g@bbb.org,Genderqueer,281 691 0044
162,Vannie,Hele,vhele4h@whitehouse.gov,Bigender,535 897 3913
163,Deidre,Guinness,dguinness4i@discuz.net,Non-binary,366 965 7491
164,Dewitt,Janny,djanny4j@behance.net,Agender,277 387 8195
165,Wakefield,Lygoe,wlygoe4k@redcross.org,Polygender,989 606 2033
166,Kalil,Cutmare,kcutmare4l@dmoz.org,Bigender,309 262 8658
167,Donelle,De Blasi,ddeblasi4m@wiley.com,Male,149 226 2367
168,Decca,Russilll,drussilll4n@baidu.com,Genderfluid,373 644 9506
169,Alana,Conochie,aconochie4o@yellowpages.com,Genderqueer,997 449 1808
170,Bobine,Simonazzi,bsimonazzi4p@upenn.edu,Female,648 893 1222
171,Nelie,Teml,nteml4q@sakura.ne.jp,Male,896 855 1129
172,Esme,Trunks,etrunks4r@arizona.edu,Genderqueer,398 690 3134
173,Zach,Billion,zbillion4s@merriam-webster.com,Bigender,686 181 4901
174,Floris,Adshede,fadshede4t@bloomberg.com,Bigender,688 717 3203
175,Emmalee,MacCaughey,emaccaughey4u@columbia.edu,Agender,445 150 4685
176,Joell,Shiels,jshiels4v@vimeo.com,Polygender,697 857 9355
177,Weston,Scrivinor,wscrivinor4w@amazon.co.uk,Bigender,594 920 7688
178,Neel,Oki,noki4x@blogs.com,Genderqueer,199 935 2347
179,Shannan,Cheeseman,scheeseman4y@nsw.gov.au,Agender,860 141 5220
180,Dominik,Van der Veldt,dvanderveldt4z@ihg.com,Genderfluid,401 209 0849
181,Robinett,O'Leahy,roleahy50@cloudflare.com,Agender,955 989 1261
182,Adella,Patton,apatton51@privacy.gov.au,Polygender,781 895 3231
183,Pietra,Wenham,pwenham52@house.gov,Genderqueer,899 500 1667
184,Nye,Strowthers,nstrowthers53@wp.com,Genderfluid,388 287 3478
185,Jacintha,Duffitt,jduffitt54@examiner.com,Genderfluid,635 245 2290
186,Evonne,Vankov,evankov55@blogger.com,Polygender,435 113 8005
187,Tandy,Weekland,tweekland56@comsenz.com,Female,346 152 7726
188,Dennison,McTerlagh,dmcterlagh57@weibo.com,Male,125 553 6932
189,Roxie,Stoven,rstoven58@desdev.cn,Male,504 171 7574
190,Halette,Kristiansen,hkristiansen59@addthis.com,Non-binary,276 412 8931
191,Joycelin,Gonnelly,jgonnelly5a@nba.com,Genderfluid,257 743 2530
192,Jeddy,Ilyenko,jilyenko5b@yale.edu,Female,534 179 5803
193,Brandtr,Lambal,blambal5c@adobe.com,Non-binary,293 891 1910
194,Korry,Addy,kaddy5d@simplemachines.org,Non-binary,888 568 8943
195,Angeline,Lau,alau5e@archive.org,Bigender,607 230 4211
196,Winne,Towson,wtowson5f@cisco.com,Polygender,232 573 6582
197,Pansy,Sanja,psanja5g@sbwire.com,Bigender,624 850 7698
198,Christan,Foltin,cfoltin5h@dmoz.org,Bigender,310 196 1884
199,Lucienne,Jowle,ljowle5i@jugem.jp,Bigender,413 703 3622
200,Koenraad,Matley,kmatley5j@narod.ru,Genderfluid,231 663 8067
201,Mavis,Hardiman,mhardiman5k@bigcartel.com,Agender,497 710 0866
202,Ardeen,Linsay,alinsay5l@multiply.com,Non-binary,531 622 7773
203,Amalle,Belch,abelch5m@twitpic.com,Male,214 483 2017
204,Henri,Trimmell,htrimmell5n@msu.edu,Polygender,207 512 9734
205,Missy,Mattiazzi,mmattiazzi5o@icio.us,Non-binary,820 102 9784
206,Tabby,Bruckman,tbruckman5p@bluehost.com,Male,807 176 7601
207,Madge,Plain,mplain5q@whitehouse.gov,Genderqueer,820 498 6850
208,Saxe,Chasteau,schasteau5r@discovery.com,Female,753 511 4897
209,Gnni,Beadel,gbeadel5s@indiegogo.com,Genderqueer,498 879 5192
210,Kippar,Seivwright,kseivwright5t@hud.gov,Polygender,121 441 6379
211,Gail,Stiggles,gstiggles5u@cyberchimps.com,Male,378 820 4635
212,Rudolf,Ritson,rritson5v@walmart.com,Agender,578 208 8566
213,Hinda,Rizziello,hrizziello5w@networksolutions.com,Bigender,128 401 6835
214,Florence,Lars,flars5x@bandcamp.com,Female,611 487 4432
215,Ellary,Myatt,emyatt5y@homestead.com,Genderqueer,291 385 5197
216,Eduardo,Brockhurst,ebrockhurst5z@vk.com,Male,374 559 3950
217,Emiline,Cloughton,ecloughton60@naver.com,Bigender,680 629 0435
218,Sydney,Romain,sromain61@howstuffworks.com,Polygender,366 508 1044
219,Jeanna,Blanchflower,jblanchflower62@usgs.gov,Non-binary,732 138 5586
220,Josi,Duigan,jduigan63@github.io,Non-binary,170 391 4044
221,Kip,Zincke,kzincke64@cbc.ca,Agender,556 302 9243
222,Cosette,Thornhill,cthornhill65@yahoo.co.jp,Female,741 721 5005
223,Nalani,Humberston,nhumberston66@clickbank.net,Genderfluid,472 448 5299
224,Joshua,Meredith,jmeredith67@google.com.hk,Non-binary,807 977 4294
225,Malchy,MacCarter,mmaccarter68@baidu.com,Non-binary,330 540 2388
226,Maye,Schoenleiter,mschoenleiter69@tamu.edu,Female,925 934 6408
227,Lizette,Bertot,lbertot6a@nymag.com,Genderqueer,748 134 5466
228,Amalie,Athowe,aathowe6b@desdev.cn,Genderfluid,947 519 7071
229,Flin,Stobo,fstobo6c@businessweek.com,Agender,595 285 5155
230,Birk,Greenway,bgreenway6d@studiopress.com,Male,674 713 0107
231,Dita,Bootes,dbootes6e@nytimes.com,Genderqueer,196 148 2900
232,Tamiko,Hiskey,thiskey6f@cocolog-nifty.com,Bigender,362 357 4496
233,Teddie,Winning,twinning6g@oaic.gov.au,Male,955 524 0475
234,Charmian,Enticknap,centicknap6h@deliciousdays.com,Agender,766 580 2593
235,Sylas,Sanchiz,ssanchiz6i@dedecms.com,Genderqueer,275 602 8727
236,Lou,Boss,lboss6j@google.com,Genderqueer,652 849 2525
237,Iona,MacAnespie,imacanespie6k@goo.gl,Female,198 139 0452
238,Mandy,Wilbore,mwilbore6l@scientificamerican.com,Genderqueer,157 640 5021
239,Godfry,Hilling,ghilling6m@xrea.com,Genderfluid,427 626 1053
240,Gabie,Torvey,gtorvey6n@multiply.com,Genderqueer,418 823 0611
241,Selene,Warbeys,swarbeys6o@seesaa.net,Genderfluid,692 443 0061
242,Christoforo,Fossett,cfossett6p@trellian.com,Bigender,395 647 7808
243,Laurianne,Glowacki,lglowacki6q@si.edu,Genderfluid,609 136 3861
244,Sibella,Edmeads,sedmeads6r@tiny.cc,Genderqueer,383 143 1257
245,Selena,Blomfield,sblomfield6s@i2i.jp,Non-binary,268 718 4757
246,Revkah,Luebbert,rluebbert6t@123-reg.co.uk,Female,905 997 7837
247,Leonard,Bramsen,lbramsen6u@ning.com,Polygender,830 817 1615
248,Daffie,Bailess,dbailess6v@mtv.com,Genderqueer,452 676 8364
249,Hallsy,Stringfellow,hstringfellow6w@i2i.jp,Genderqueer,911 547 9489
250,Lindsay,MacCafferky,lmaccafferky6x@springer.com,Agender,146 631 1709
251,Ritchie,Quince,rquince6y@blinklist.com,Agender,654 334 9287
252,Noble,Paraman,nparaman6z@smh.com.au,Genderqueer,788 764 0025
253,Moe,Christoffe,mchristoffe70@homestead.com,Polygender,258 799 4308
254,Noak,Rake,nrake71@live.com,Female,715 987 1495
255,Aurel,Birtle,abirtle72@qq.com,Non-binary,102 740 5648
256,Mortie,Bushel,mbushel73@blogs.com,Female,471 989 7570
257,Fay,Greenside,fgreenside74@cafepress.com,Genderfluid,903 226 6101
258,Rufe,Caitlin,rcaitlin75@ustream.tv,Polygender,340 567 7974
259,Mathilda,Adess,madess76@histats.com,Agender,330 338 2209
260,Nahum,Zuann,nzuann77@ucla.edu,Male,393 470 7284
261,Decca,Leimster,dleimster78@ca.gov,Genderqueer,931 511 5842
262,Yance,Remer,yremer79@de.vu,Polygender,146 612 8011
263,Dulcie,Crossingham,dcrossingham7a@bing.com,Genderqueer,189 634 8856
264,Sandie,Copping,scopping7b@is.gd,Female,189 934 9865
265,Perla,Corradeschi,pcorradeschi7c@vimeo.com,Genderfluid,972 559 1350
266,Bradley,Van der Brugge,bvanderbrugge7d@psu.edu,Genderqueer,684 936 6935
267,Nolan,Richardin,nrichardin7e@blogs.com,Agender,349 539 0603
268,Port,Stollen,pstollen7f@google.it,Polygender,714 884 7462
269,Becca,Bellows,bbellows7g@technorati.com,Bigender,774 300 7676
270,Weidar,Cruess,wcruess7h@geocities.jp,Male,205 645 0372
271,Irv,Huntress,ihuntress7i@opensource.org,Bigender,897 175 1415
272,Nicko,Aitkenhead,naitkenhead7j@uiuc.edu,Bigender,641 309 3691
273,Tabby,Forestel,tforestel7k@instagram.com,Agender,711 492 2068
274,Elonore,Gerren,egerren7l@washingtonpost.com,Polygender,388 764 6364
275,Gabriell,Barrowcliff,gbarrowcliff7m@multiply.com,Non-binary,507 747 6940
276,Cherida,Weber,cweber7n@sciencedaily.com,Bigender,851 297 9925
277,Belicia,Betjeman,bbetjeman7o@spiegel.de,Genderqueer,578 689 7524
278,Zelda,Eades,zeades7p@fotki.com,Male,782 347 0982
279,Grier,Cradoc,gcradoc7q@nba.com,Bigender,405 133 7726
280,Lynea,Dargan,ldargan7r@dmoz.org,Bigender,666 629 1291
281,Silvio,Claybourne,sclaybourne7s@pcworld.com,Polygender,859 214 8761
282,Amelita,Brettelle,abrettelle7t@dedecms.com,Polygender,682 654 8027
283,Rhianon,Howarth,rhowarth7u@fema.gov,Agender,491 589 6014
284,Raynell,Quinn,rquinn7v@creativecommons.org,Female,499 729 5196
285,Sybila,Kenlin,skenlin7w@slideshare.net,Non-binary,932 122 2276
286,Gerek,Sprull,gsprull7x@bizjournals.com,Agender,319 693 4510
287,Dasya,Shankle,dshankle7y@nytimes.com,Bigender,708 423 3596
288,Cass,Fieldsend,cfieldsend7z@home.pl,Genderqueer,538 189 1783
289,Clio,Tartt,ctartt80@elpais.com,Non-binary,432 979 0308
290,Mallorie,Cristobal,mcristobal81@meetup.com,Agender,607 658 7274
291,Bengt,Pury,bpury82@mapquest.com,Genderfluid,424 176 9525
292,Brian,Grey,bgrey83@reuters.com,Female,799 476 1688
293,Clara,Janouch,cjanouch84@china.com.cn,Agender,438 589 6446
294,Denise,Jarman,djarman85@histats.com,Female,123 116 8228
295,Kiley,Braney,kbraney86@free.fr,Polygender,401 538 2871
296,Shaw,Kloser,skloser87@gizmodo.com,Bigender,783 224 2630
297,Fin,Bratley,fbratley88@intel.com,Agender,353 280 6721
298,Klement,Kirvell,kkirvell89@amazonaws.com,Genderfluid,278 253 1799
299,Chadwick,Knights,cknights8a@linkedin.com,Genderqueer,615 921 6541
300,Lezley,Dinning,ldinning8b@fastcompany.com,Female,550 499 0560
301,Shawnee,Widdison,swiddison8c@psu.edu,Genderfluid,783 660 1644
302,Myriam,Blanshard,mblanshard8d@who.int,Genderqueer,831 991 6026
303,Sandy,Conkling,sconkling8e@columbia.edu,Non-binary,480 923 5766
304,Cletus,Mallabon,cmallabon8f@blog.com,Agender,238 460 4223
305,Sidonnie,BURWIN,sburwin8g@java.com,Polygender,294 944 7013
306,Eddie,Clue,eclue8h@oakley.com,Agender,232 898 2198
307,Arturo,Traviss,atraviss8i@oaic.gov.au,Polygender,908 597 4080
308,Calypso,Howe,chowe8j@people.com.cn,Female,718 134 8353
309,Rosmunda,Pelerin,rpelerin8k@nih.gov,Bigender,621 665 6016
310,Stephannie,Tampling,stampling8l@tmall.com,Agender,703 136 4065
311,Jo,Kippins,jkippins8m@odnoklassniki.ru,Female,892 536 4166
312,Devan,Dahlback,ddahlback8n@google.ru,Genderqueer,460 924 2412
313,Alexia,Verriour,averriour8o@spotify.com,Polygender,521 627 5921
314,Fionna,de Chastelain,fdechastelain8p@instagram.com,Genderqueer,206 124 1314
315,Bayard,Tuckie,btuckie8q@parallels.com,Female,668 960 7994
316,Domingo,Windebank,dwindebank8r@hao123.com,Bigender,603 116 5226
317,Munroe,Castree,mcastree8s@tumblr.com,Male,233 319 1766
318,Vivianna,Rolley,vrolley8t@feedburner.com,Genderfluid,408 877 3436
319,Kennedy,Reitenbach,kreitenbach8u@elegantthemes.com,Non-binary,202 521 5524
320,Lebbie,aManger,lamanger8v@drupal.org,Non-binary,510 461 8818
321,Brena,Crowthe,bcrowthe8w@nationalgeographic.com,Bigender,628 914 7363
322,Halsey,Spaughton,hspaughton8x@fema.gov,Non-binary,718 746 8062
323,Kerwin,Toopin,ktoopin8y@hexun.com,Polygender,466 813 0985
324,Roz,Toop,rtoop8z@flickr.com,Female,197 756 8048
325,Avram,Yurkin,ayurkin90@usda.gov,Female,851 988 3275
326,Rickard,Vlasenko,rvlasenko91@thetimes.co.uk,Male,541 286 1073
327,Wendeline,Autie,wautie92@cargocollective.com,Bigender,231 204 5761
328,Margaretta,Hannaway,mhannaway93@netlog.com,Polygender,312 492 9320
329,Osmond,O'Carrol,oocarrol94@skyrock.com,Male,359 416 3688
330,Adora,Semken,asemken95@nytimes.com,Non-binary,112 495 3805
331,Roderic,Bruck,rbruck96@vimeo.com,Female,903 242 5693
332,Torr,Wingeatt,twingeatt97@vimeo.com,Bigender,928 919 9907
333,Cathi,Ericsson,cericsson98@discovery.com,Bigender,788 921 3397
334,Bert,Limrick,blimrick99@amazon.com,Genderqueer,819 439 7260
335,Freddy,Hexter,fhexter9a@mapy.cz,Agender,245 481 2406
336,Maud,Lefwich,mlefwich9b@so-net.ne.jp,Non-binary,460 196 2147
337,Guillermo,Topliss,gtopliss9c@statcounter.com,Male,872 322 8964
338,Gauthier,Kinchley,gkinchley9d@fastcompany.com,Female,445 574 2355
339,Austina,Redler,aredler9e@istockphoto.com,Agender,670 369 2566
340,Emlyn,Newbery,enewbery9f@skyrock.com,Bigender,248 366 4655
341,Evelina,Rubinowitz,erubinowitz9g@edublogs.org,Bigender,406 139 9932
342,Davin,Colquit,dcolquit9h@bloglines.com,Non-binary,337 139 6783
343,Dante,Dunlop,ddunlop9i@plala.or.jp,Genderqueer,733 390 4309
344,Analiese,Trousdale,atrousdale9j@accuweather.com,Genderfluid,418 574 4319
345,Danika,Keeltagh,dkeeltagh9k@businessweek.com,Female,550 949 4178
346,Herve,Rainforth,hrainforth9l@usda.gov,Genderqueer,840 360 4877
347,Jobey,Ricardet,jricardet9m@washington.edu,Bigender,662 924 0520
348,Reeva,Tomkiss,rtomkiss9n@wikispaces.com,Male,839 312 8004
349,Millicent,Birkmyr,mbirkmyr9o@about.com,Female,152 608 5956
350,Albert,Courtier,acourtier9p@zimbio.com,Genderfluid,399 607 4387
351,Joe,Mougel,jmougel9q@tripod.com,Female,198 169 7156
352,Kiah,Schimpke,kschimpke9r@loc.gov,Agender,616 856 0877
353,Granger,Vasyutochkin,gvasyutochkin9s@sina.com.cn,Agender,682 265 6547
354,Agna,Southcoat,asouthcoat9t@csmonitor.com,Male,692 191 1559
355,Loleta,Pembery,lpembery9u@is.gd,Agender,678 920 9755
356,Stirling,Boggish,sboggish9v@java.com,Female,537 784 6983
357,Marshal,Boissieux,mboissieux9w@ocn.ne.jp,Genderqueer,311 814 1861
358,Benni,Syalvester,bsyalvester9x@51.la,Male,721 617 0668
359,Fanechka,Mably,fmably9y@noaa.gov,Genderfluid,359 746 2040
360,Forest,Ramm,framm9z@nydailynews.com,Genderfluid,846 855 3623
361,Karylin,Boundley,kboundleya0@godaddy.com,Bigender,870 494 1245
362,Kayley,Ridolfo,kridolfoa1@geocities.com,Non-binary,586 692 2749
363,Cyrill,Guilloton,cguillotona2@nih.gov,Female,520 123 8783
364,Janella,Soares,jsoaresa3@earthlink.net,Female,226 353 4314
365,Stinky,Kinze,skinzea4@cdbaby.com,Genderqueer,367 305 9294
366,Jenda,Lilie,jliliea5@cbc.ca,Genderfluid,519 185 9655
367,Ernie,Sponton,espontona6@yahoo.co.jp,Genderqueer,585 108 6480
368,Der,Bole,dbolea7@psu.edu,Agender,630 818 0878
369,Riannon,Portman,rportmana8@stanford.edu,Male,969 327 2838
370,Art,Jime,ajimea9@shop-pro.jp,Male,854 982 9034
371,Alyce,Thecham,athechamaa@hibu.com,Polygender,322 632 6241
372,Ddene,Branson,dbransonab@infoseek.co.jp,Male,658 949 7589
373,Karleen,Dodgshun,kdodgshunac@merriam-webster.com,Polygender,278 455 1476
374,Sallyann,Schrinel,sschrinelad@liveinternet.ru,Male,246 558 8699
375,Patsy,Ryan,pryanae@google.de,Non-binary,255 437 9985
376,Umberto,Levesque,ulevesqueaf@java.com,Genderqueer,921 949 2557
377,Max,Oggers,moggersag@t.co,Genderfluid,363 122 6760
378,Izzy,Kettley,ikettleyah@addthis.com,Male,210 615 8727
379,Malvina,McCrory,mmccroryai@nasa.gov,Polygender,895 970 6172
380,Lydon,Ruspine,lruspineaj@creativecommons.org,Genderqueer,563 279 6744
381,Nappy,Chillistone,nchillistoneak@timesonline.co.uk,Agender,753 781 4562
382,Celinka,Cavil,ccavilal@unblog.fr,Genderfluid,481 842 7082
383,Wendel,Grewar,wgrewaram@jugem.jp,Female,187 977 7923
384,Lorry,Griffith,lgriffithan@blog.com,Polygender,292 109 1444
385,Billye,Simkiss,bsimkissao@fema.gov,Agender,121 805 4234
386,Neda,Shankle,nshankleap@clickbank.net,Genderqueer,985 449 7043
387,Jillayne,Boggis,jboggisaq@reverbnation.com,Non-binary,571 961 5287
388,Eduardo,Bantham,ebanthamar@de.vu,Polygender,146 639 0257
389,Angie,Peare,apeareas@cdc.gov,Non-binary,785 808 1223
390,Kikelia,Lyokhin,klyokhinat@springer.com,Male,464 764 2577
391,Tonie,Frankes,tfrankesau@si.edu,Male,835 841 5011
392,Valentine,Hanner,vhannerav@upenn.edu,Non-binary,865 182 5965
393,Hilliard,Darragon,hdarragonaw@ycombinator.com,Polygender,929 565 9994
394,Sid,Renney,srenneyax@mayoclinic.com,Polygender,934 550 5669
395,Guillaume,Dunniom,gdunniomay@stanford.edu,Genderfluid,647 598 0636
396,Harry,Laing,hlaingaz@icq.com,Bigender,527 450 3115
397,Alexei,Cashen,acashenb0@wikimedia.org,Male,203 166 1657
398,Ludovika,Yakobovitz,lyakobovitzb1@craigslist.org,Genderfluid,261 612 7575
399,Sonja,Matysik,smatysikb2@skyrock.com,Polygender,542 458 1737
400,Maudie,Fruser,mfruserb3@ca.gov,Bigender,951 991 1224
401,Thea,Albury,talburyb4@dion.ne.jp,Genderfluid,118 325 8690
402,Tamar,Lethbury,tlethburyb5@illinois.edu,Genderqueer,445 806 0318
403,Cris,Drowsfield,cdrowsfieldb6@newyorker.com,Female,382 959 2248
404,Leola,Hurche,lhurcheb7@dyndns.org,Non-binary,463 663 2428
405,Verina,Terrans,vterransb8@comsenz.com,Polygender,365 234 6476
406,Alysa,Luipold,aluipoldb9@bandcamp.com,Male,235 419 2951
407,Cody,Trodd,ctroddba@cisco.com,Male,987 660 8130
408,Drugi,O'Cullen,docullenbb@mapquest.com,Genderfluid,230 457 5683
409,Correy,Grece,cgrecebc@yellowpages.com,Male,903 620 4212
410,Wiatt,Sorey,wsoreybd@example.com,Female,111 736 4225
411,Marshall,Sweetlove,msweetlovebe@walmart.com,Female,450 119 6585
412,Wang,Davana,wdavanabf@prnewswire.com,Non-binary,428 200 0400
413,Kylie,Sainsbury-Brown,ksainsburybrownbg@usgs.gov,Non-binary,836 531 1640
414,Karlen,Simons,ksimonsbh@baidu.com,Genderfluid,797 813 4769
415,Ellis,Yendall,eyendallbi@posterous.com,Non-binary,556 491 0363
416,Amara,Corrie,acorriebj@moonfruit.com,Genderfluid,918 605 0337
417,Elberta,Pessler,epesslerbk@bloomberg.com,Genderfluid,534 282 1868
418,Jody,Brussels,jbrusselsbl@utexas.edu,Non-binary,117 348 0374
419,Sawyer,Kedslie,skedsliebm@twitter.com,Non-binary,803 221 9199
420,Sebastien,Leer,sleerbn@addthis.com,Male,282 542 8496
421,Otes,Awcock,oawcockbo@uiuc.edu,Male,145 970 0304
422,Ameline,Andersen,aandersenbp@ask.com,Genderfluid,333 376 3079
423,Luz,Scathard,lscathardbq@gmpg.org,Female,817 423 4158
424,Joann,McKillop,jmckillopbr@amazon.com,Genderfluid,559 767 5926
425,Cissiee,Adam,cadambs@dedecms.com,Non-binary,181 191 0549
426,Mureil,Genders,mgendersbt@accuweather.com,Bigender,415 831 1874
427,Selby,Sharpling,ssharplingbu@oakley.com,Genderfluid,827 442 9460
428,Jinny,Heskey,jheskeybv@rediff.com,Male,218 523 9277
429,Serge,Cappell,scappellbw@harvard.edu,Male,637 955 5415
430,Alfie,Cummungs,acummungsbx@cmu.edu,Genderfluid,349 591 2203
431,Jaclin,Salla,jsallaby@delicious.com,Male,358 408 2374
432,Keelia,Davidovitch,kdavidovitchbz@slate.com,Polygender,722 184 7029
433,Abbi,Burwell,aburwellc0@mozilla.org,Non-binary,884 707 6287
434,Brigitte,Fidian,bfidianc1@kickstarter.com,Genderqueer,340 324 0258
435,Ludwig,Juckes,ljuckesc2@examiner.com,Genderfluid,701 360 1415
436,Clywd,Bilborough,cbilboroughc3@squidoo.com,Non-binary,292 441 4141
437,Cash,Standall,cstandallc4@cbsnews.com,Non-binary,199 423 6184
438,Mirabel,De la Harpe,mdelaharpec5@sourceforge.net,Polygender,283 443 4723
439,Nariko,Hacquard,nhacquardc6@cpanel.net,Non-binary,767 110 7627
440,Frazier,Zoellner,fzoellnerc7@unesco.org,Bigender,712 485 3068
441,Alverta,Wreath,awreathc8@cpanel.net,Genderqueer,659 122 5284
442,Carin,Foulkes,cfoulkesc9@eventbrite.com,Genderfluid,147 887 8991
443,Juliane,Pasquale,jpasqualeca@omniture.com,Non-binary,804 728 2176
444,Brandise,Woodruffe,bwoodruffecb@myspace.com,Genderfluid,724 720 2433
445,Stephen,Wallenger,swallengercc@sina.com.cn,Genderqueer,282 143 2499
446,Taddeo,Bumford,tbumfordcd@symantec.com,Agender,121 270 0591
447,Addy,Walak,awalakce@github.com,Genderqueer,299 447 2796
448,Sharron,Nance,snancecf@youku.com,Agender,634 752 7465
449,Faustina,Fraulo,ffraulocg@nationalgeographic.com,Male,287 356 6932
450,Jennica,Lightowler,jlightowlerch@spotify.com,Non-binary,496 239 8981
451,Kizzee,Gennings,kgenningsci@canalblog.com,Agender,712 196 7993
452,Crista,Cavey,ccaveycj@walmart.com,Non-binary,929 341 8119
453,Farleigh,Haverson,fhaversonck@tuttocitta.it,Female,948 464 2824
454,Jannel,Enterle,jenterlecl@hatena.ne.jp,Genderfluid,521 994 6000
455,Alexandros,Coryndon,acoryndoncm@cafepress.com,Genderqueer,636 774 4702
456,Evanne,Veare,evearecn@wsj.com,Polygender,195 626 9334
457,Ronna,Lawranson,rlawransonco@mapy.cz,Female,847 473 4100
458,Veradis,McColgan,vmccolgancp@huffingtonpost.com,Male,809 768 4145
459,Mira,Harriss,mharrisscq@cdbaby.com,Polygender,161 336 9013
460,Kylila,Harradine,kharradinecr@free.fr,Agender,906 392 0967
461,Drusi,Blanc,dblanccs@smugmug.com,Non-binary,333 738 1643
462,Elisabet,Chene,echenect@unc.edu,Bigender,108 261 6842
463,Viviene,Philippou,vphilippoucu@dailymail.co.uk,Male,144 302 7000
464,Farly,Poff,fpoffcv@toplist.cz,Male,132 839 9074
465,Margareta,Stutter,mstuttercw@biblegateway.com,Bigender,863 798 1699
466,Barbe,Chritchlow,bchritchlowcx@eventbrite.com,Female,825 520 7257
467,Justina,Armin,jarmincy@un.org,Male,653 744 8050
468,Der,Emer,demercz@xrea.com,Female,292 662 4495
469,Maren,Glozman,mglozmand0@ameblo.jp,Agender,762 301 2354
470,Cassandre,Casero,ccaserod1@ibm.com,Genderqueer,652 803 9876
471,Lutero,Crigin,lcrigind2@constantcontact.com,Genderqueer,743 296 2961
472,Hagan,Helliker,hhellikerd3@google.it,Genderqueer,699 109 3221
473,Maiga,Bailey,mbaileyd4@t-online.de,Non-binary,697 770 7481
474,Sidoney,Maginot,smaginotd5@yellowbook.com,Bigender,925 269 9328
475,Amanda,Pettie,apettied6@washingtonpost.com,Bigender,958 643 6316
476,Elie,Pack,epackd7@gmpg.org,Non-binary,868 132 7517
477,Eulalie,Conkling,econklingd8@economist.com,Genderfluid,487 466 6839
478,Biron,Ilyuchyov,bilyuchyovd9@seesaa.net,Polygender,383 868 5373
479,Abramo,Klehn,aklehnda@hhs.gov,Genderfluid,319 369 1250
480,Cyrille,Dummer,cdummerdb@google.it,Male,695 722 7508
481,Mano,Cadney,mcadneydc@oracle.com,Genderqueer,512 840 5173
482,Chaddie,Klisch,cklischdd@reference.com,Agender,388 165 1315
483,Ethelin,Briamo,ebriamode@joomla.org,Female,510 347 7133
484,Tiffanie,Rushmere,trushmeredf@microsoft.com,Non-binary,819 400 8978
485,Felice,Bland,fblanddg@businessweek.com,Agender,257 213 7410
486,Correy,Pellamont,cpellamontdh@epa.gov,Male,534 156 2417
487,Goraud,Lalevee,glaleveedi@wired.com,Female,647 106 3266
488,Alana,Gomar,agomardj@infoseek.co.jp,Non-binary,285 628 8759
489,Basilius,Hanselmann,bhanselmanndk@desdev.cn,Genderqueer,408 522 3010
490,Wolf,Frascone,wfrasconedl@is.gd,Non-binary,579 832 4562
491,Loren,Gremane,lgremanedm@columbia.edu,Genderfluid,689 182 0679
492,Corie,Paffley,cpaffleydn@goo.ne.jp,Genderfluid,717 383 8654
493,Stephan,Broscombe,sbroscombedo@reddit.com,Non-binary,626 419 1559
494,Alvera,Duff,aduffdp@wikia.com,Genderfluid,392 863 5829
495,Wilona,Foot,wfootdq@github.com,Genderqueer,498 148 2891
496,Quintus,Diggin,qdiggindr@canalblog.com,Male,628 746 4903
497,Artemis,Fardo,afardods@gravatar.com,Genderqueer,573 621 7934
498,Mathew,Craise,mcraisedt@barnesandnoble.com,Genderqueer,380 713 4133
499,Nathanial,Corbie,ncorbiedu@stanford.edu,Male,150 833 4162
500,Tommy,Barke,tbarkedv@whitehouse.gov,Bigender,110 107 1691
501,Evania,Lambersen,elambersendw@earthlink.net,Bigender,833 772 2103
502,Pincas,Di Giacomo,pdigiacomodx@telegraph.co.uk,Genderqueer,382 778 2144
503,Morgan,Cluitt,mcluittdy@hao123.com,Bigender,167 383 0774
504,Mal,Lancashire,mlancashiredz@furl.net,Male,535 348 8493
505,Ilsa,Whitsun,iwhitsune0@umich.edu,Agender,940 662 0425
506,Tallie,Bourdel,tbourdele1@constantcontact.com,Non-binary,635 558 2156
507,Rebeka,Bowness,rbownesse2@plala.or.jp,Male,488 707 3349
508,Hadlee,Mokes,hmokese3@intel.com,Genderqueer,832 310 9505
509,Mariellen,Brastead,mbrasteade4@redcross.org,Female,918 844 3784
510,Zacharia,Murtell,zmurtelle5@opensource.org,Polygender,487 497 7870
511,Lazaro,Tessyman,ltessymane6@diigo.com,Genderqueer,574 388 6988
512,Celesta,Binning,cbinninge7@quantcast.com,Agender,632 768 3143
513,Phyllida,Gregine,pgreginee8@ameblo.jp,Non-binary,360 827 0770
514,Dalenna,D'orsay,ddorsaye9@harvard.edu,Genderfluid,659 800 7171
515,Demetrius,Covotto,dcovottoea@imdb.com,Polygender,706 912 3232
516,Josephina,Yakobowitch,jyakobowitcheb@engadget.com,Genderqueer,856 521 3111
517,Cinnamon,Jakobssen,cjakobssenec@theglobeandmail.com,Genderqueer,716 539 8332
518,Gilberta,Pizzie,gpizzieed@zdnet.com,Polygender,739 451 5157
519,Milzie,Jewar,mjewaree@mozilla.com,Genderfluid,236 510 5633
520,Yardley,Orfeur,yorfeuref@bloomberg.com,Genderqueer,621 174 0042
521,Oliviero,Aldam,oaldameg@gnu.org,Polygender,467 875 3495
522,Blakelee,Oats,boatseh@spiegel.de,Female,316 878 7467
523,Darwin,Dingle,ddingleei@comcast.net,Male,658 863 9527
524,Cullan,Dinesen,cdinesenej@go.com,Male,981 185 4765
525,Fields,O'Codihie,focodihieek@google.co.jp,Bigender,798 883 5549
526,Hurley,Lippett,hlippettel@netvibes.com,Female,638 361 7966
527,Malcolm,Sammons,msammonsem@cyberchimps.com,Bigender,242 769 6950
528,Mollie,Children,mchildrenen@netscape.com,Agender,837 530 5747
529,Thorsten,Milbank,tmilbankeo@wufoo.com,Agender,161 345 0194
530,Dianne,McFadzean,dmcfadzeanep@jugem.jp,Genderqueer,360 427 4546
531,Gwynne,Edgett,gedgetteq@vimeo.com,Genderqueer,867 862 2254
532,Conchita,Stolting,cstoltinger@spotify.com,Non-binary,625 663 4676
533,Robby,Huerta,rhuertaes@gov.uk,Bigender,527 999 3461
534,Beltran,Zapatero,bzapateroet@ox.ac.uk,Male,912 901 2725
535,Debbie,Eary,dearyeu@theguardian.com,Non-binary,385 812 0387
536,Sherlock,Fearby,sfearbyev@tuttocitta.it,Polygender,114 422 0457
537,Hoyt,Ronci,hronciew@statcounter.com,Polygender,483 860 1640
538,Kermit,Nardoni,knardoniex@jugem.jp,Genderqueer,156 709 1197
539,Marrissa,M'Barron,mmbarroney@topsy.com,Genderqueer,823 426 7180
540,Dniren,Fallowfield,dfallowfieldez@buzzfeed.com,Polygender,661 539 9126
541,Franchot,Dimitrijevic,fdimitrijevicf0@deliciousdays.com,Genderfluid,488 376 6602
542,Barnebas,Blamire,bblamiref1@ftc.gov,Polygender,180 592 4611
543,Twyla,Ondrousek,tondrousekf2@soundcloud.com,Male,728 472 4150
544,Lindsay,Doughty,ldoughtyf3@live.com,Agender,559 634 6748
545,Tatum,Streetfield,tstreetfieldf4@ameblo.jp,Genderfluid,954 907 0693
546,Bevvy,McAuley,bmcauleyf5@google.pl,Genderfluid,944 817 7170
547,Rad,Cheshire,rcheshiref6@symantec.com,Genderqueer,221 667 7622
548,Davida,Keel,dkeelf7@bloglovin.com,Bigender,340 528 7907
549,Corny,Godbold,cgodboldf8@upenn.edu,Polygender,375 419 9406
550,Katha,Arrington,karringtonf9@chronoengine.com,Female,291 362 9463
551,Viviyan,Lillegard,vlillegardfa@mashable.com,Non-binary,453 870 2016
552,Marlene,Bourcq,mbourcqfb@uol.com.br,Male,470 422 1177
553,Claudie,Ockendon,cockendonfc@cbc.ca,Agender,945 402 5345
554,Reid,Muress,rmuressfd@vkontakte.ru,Genderfluid,631 966 9422
555,Nicol,Letcher,nletcherfe@miitbeian.gov.cn,Genderqueer,480 700 1385
556,Rancell,Peddowe,rpeddoweff@smugmug.com,Agender,275 626 7409
557,Gilles,Christon,gchristonfg@gnu.org,Agender,805 529 3039
558,Jo,Allington,jallingtonfh@springer.com,Non-binary,964 949 0071
559,Dee,Itscowicz,ditscowiczfi@usatoday.com,Polygender,624 473 3396
560,Harri,Withers,hwithersfj@blogspot.com,Male,882 676 9254
561,Peadar,Kerrigan,pkerriganfk@last.fm,Female,129 425 9517
562,Dedra,Feaveryear,dfeaveryearfl@1und1.de,Bigender,190 175 3201
563,Diana,Brockie,dbrockiefm@shutterfly.com,Male,815 319 4418
564,Weber,Bearcock,wbearcockfn@desdev.cn,Non-binary,264 617 9006
565,Orin,Peret,operetfo@sphinn.com,Polygender,167 153 1078
566,Emanuel,McKea,emckeafp@hhs.gov,Polygender,268 789 1516
567,Birgit,MacCambridge,bmaccambridgefq@free.fr,Genderqueer,305 148 4221
568,Kikelia,Verlander,kverlanderfr@epa.gov,Genderqueer,775 742 1889
569,Bernadina,Ballard,bballardfs@nasa.gov,Agender,147 642 7857
570,Jacob,Santore,jsantoreft@oracle.com,Genderqueer,309 218 7502
571,Heindrick,Crowter,hcrowterfu@senate.gov,Genderqueer,948 121 5440
572,Vanni,Gaukroger,vgaukrogerfv@comsenz.com,Bigender,773 228 8719
573,Leslie,Gopsell,lgopsellfw@engadget.com,Polygender,696 730 1409
574,Tiebout,Keiley,tkeileyfx@cbc.ca,Polygender,407 160 9248
575,Gabe,Reeken,greekenfy@xinhuanet.com,Genderfluid,919 699 4397
576,Candi,Herrema,cherremafz@epa.gov,Genderfluid,770 113 3675
577,Waldemar,Alexis,walexisg0@mysql.com,Genderfluid,888 359 2369
578,Melba,Townend,mtownendg1@google.com,Agender,381 740 4491
579,Kelsey,Frick,kfrickg2@businessinsider.com,Agender,868 766 2865
580,Dorisa,Frugier,dfrugierg3@gov.uk,Female,549 766 2764
581,Cornell,Tyre,ctyreg4@i2i.jp,Bigender,816 183 8127
582,Estrella,Chadburn,echadburng5@symantec.com,Polygender,715 113 2309
583,Isador,Lampe,ilampeg6@lulu.com,Female,549 319 7323
584,Sisely,Symcox,ssymcoxg7@google.co.uk,Female,994 638 0295
585,Van,Hancill,vhancillg8@spiegel.de,Bigender,947 756 3245
586,Alla,Cato,acatog9@usnews.com,Genderqueer,504 684 7377
587,Ravid,Mundford,rmundfordga@cam.ac.uk,Female,150 965 8621
588,Helga,Duckerin,hduckeringb@constantcontact.com,Polygender,210 214 8357
589,Avrit,Bartolic,abartolicgc@ibm.com,Agender,704 560 9262
590,Jdavie,Bernat,jbernatgd@yellowpages.com,Non-binary,197 782 1462
591,Larina,Tierney,ltierneyge@boston.com,Female,592 862 5460
592,Kirbee,Garretson,kgarretsongf@gnu.org,Agender,756 323 7699
593,Alexander,Horribine,ahorribinegg@jugem.jp,Bigender,459 223 8893
594,Mord,McShirrie,mmcshirriegh@discovery.com,Bigender,527 402 8612
595,Elden,Leinthall,eleinthallgi@cam.ac.uk,Female,339 560 9203
596,Trudi,Stutard,tstutardgj@google.com.hk,Bigender,131 757 3692
597,Zared,Antrobus,zantrobusgk@biglobe.ne.jp,Non-binary,951 554 2691
598,Joanna,Rainton,jraintongl@hud.gov,Agender,565 818 8177
599,Salomi,Jaume,sjaumegm@infoseek.co.jp,Bigender,301 108 0867
600,Dori,Gisbey,dgisbeygn@stanford.edu,Agender,325 800 6124
601,Dick,Cogzell,dcogzellgo@state.tx.us,Male,677 820 9602
602,Lisette,Salmons,lsalmonsgp@istockphoto.com,Male,684 593 8577
603,Gib,Kolyagin,gkolyagingq@sina.com.cn,Bigender,828 448 6569
604,Barthel,Crennan,bcrennangr@about.me,Genderfluid,434 544 8061
605,Isador,Gaffey,igaffeygs@ycombinator.com,Male,540 892 8814
606,Nicki,Mockes,nmockesgt@dagondesign.com,Genderfluid,599 871 4847
607,Kizzie,Vowdon,kvowdongu@dyndns.org,Agender,820 843 8429
608,Pascale,Orthmann,porthmanngv@uiuc.edu,Female,792 524 4868
609,Konstantin,Crush,kcrushgw@zdnet.com,Female,779 309 2783
610,Kaylil,Gillmor,kgillmorgx@ovh.net,Bigender,272 326 5839
611,Charla,Shwenn,cshwenngy@reddit.com,Polygender,306 947 8186
612,Damara,Volonte,dvolontegz@cbslocal.com,Bigender,556 427 0195
613,Prudy,Cleator,pcleatorh0@goo.ne.jp,Polygender,953 907 7870
614,Hermia,Tutt,htutth1@berkeley.edu,Female,407 379 5811
615,Beverley,Pitkaithly,bpitkaithlyh2@dion.ne.jp,Genderqueer,154 192 1678
616,Gennie,Duddell,gduddellh3@unc.edu,Bigender,857 107 9623
617,Enid,Oxshott,eoxshotth4@ihg.com,Bigender,667 733 2120
618,Ketty,Corrett,kcorretth5@purevolume.com,Genderqueer,317 674 6968
619,Pebrook,Jacklin,pjacklinh6@examiner.com,Female,196 573 6671
620,Melesa,Melrose,mmelroseh7@cnn.com,Bigender,515 127 5920
621,Tiffi,Dennick,tdennickh8@1688.com,Genderqueer,514 171 2636
622,Alexia,Lifton,aliftonh9@sciencedaily.com,Genderfluid,268 374 0521
623,Kent,Standring,kstandringha@columbia.edu,Non-binary,564 396 0344
624,Noella,Daniel,ndanielhb@samsung.com,Male,505 500 3706
625,Jonas,Reynish,jreynishhc@youtube.com,Male,383 952 2987
626,Andrus,Heball,aheballhd@hibu.com,Non-binary,153 350 9647
627,Jesselyn,Matson,jmatsonhe@t-online.de,Male,627 176 8450
628,Blondell,Athow,bathowhf@nsw.gov.au,Bigender,137 809 6138
629,Mirella,Ebbutt,mebbutthg@fc2.com,Agender,983 982 7618
630,Trudy,Pinckstone,tpinckstonehh@seesaa.net,Non-binary,176 604 4403
631,Shae,Merritt,smerritthi@theglobeandmail.com,Bigender,794 946 9323
632,Krystal,Arboine,karboinehj@cpanel.net,Agender,970 510 4566
633,Rossy,Voden,rvodenhk@addthis.com,Female,916 449 6024
634,Raeann,Genner,rgennerhl@gov.uk,Genderqueer,202 260 5858
635,Lelah,Bauldrey,lbauldreyhm@fastcompany.com,Female,408 908 4861
636,Cyrillus,Esch,ceschhn@plala.or.jp,Male,117 741 3936
637,Lammond,Spires,lspiresho@nih.gov,Bigender,517 432 5349
638,Celene,Kassman,ckassmanhp@wisc.edu,Polygender,527 466 3015
639,Alejandro,Couper,acouperhq@cbc.ca,Non-binary,653 689 1900
640,Prentice,Dellow,pdellowhr@fastcompany.com,Agender,811 992 4315
641,Una,Snoddin,usnoddinhs@deviantart.com,Female,590 243 2155
642,Lennie,Coull,lcoullht@shutterfly.com,Agender,714 346 2456
643,Cindelyn,Dyka,cdykahu@creativecommons.org,Bigender,323 346 4651
644,Halsey,Gerlts,hgerltshv@berkeley.edu,Genderfluid,126 119 6963
645,Imogen,Yarnley,iyarnleyhw@issuu.com,Polygender,482 946 3869
646,Tiebout,Candey,tcandeyhx@mit.edu,Agender,969 751 6215
647,Cello,Doddridge,cdoddridgehy@blog.com,Bigender,786 382 1034
648,Shannon,Tregensoe,stregensoehz@eventbrite.com,Female,888 516 9782
649,Ruperta,Torbet,rtorbeti0@wisc.edu,Non-binary,957 820 2864
650,Sharia,Lingard,slingardi1@businessinsider.com,Genderqueer,684 225 7646
651,Freddy,Yearnes,fyearnesi2@behance.net,Polygender,849 346 2253
652,Gannie,Blackey,gblackeyi3@scribd.com,Non-binary,245 577 5802
653,Obediah,Bridge,obridgei4@oakley.com,Genderqueer,908 360 9093
654,Lodovico,Turton,lturtoni5@ning.com,Genderfluid,601 158 9627
655,Rozanne,Sharrocks,rsharrocksi6@vk.com,Non-binary,838 770 6293
656,Cammie,Muslim,cmuslimi7@tuttocitta.it,Agender,991 995 0997
657,Brande,Jell,bjelli8@pcworld.com,Female,374 624 0038
658,Kermie,Brodest,kbrodesti9@china.com.cn,Agender,950 543 5721
659,Ragnar,Rapinett,rrapinettia@constantcontact.com,Non-binary,380 966 3766
660,Wendy,Spurman,wspurmanib@so-net.ne.jp,Non-binary,898 716 0989
661,Henrietta,Kurdani,hkurdaniic@latimes.com,Genderqueer,761 620 2603
662,Estrella,Trenholme,etrenholmeid@fc2.com,Polygender,319 826 3835
663,Lita,Bresland,lbreslandie@foxnews.com,Polygender,340 131 5237
664,Veda,Edmenson,vedmensonif@themeforest.net,Non-binary,570 211 9960
665,Laurice,Greenhalgh,lgreenhalghig@slate.com,Non-binary,591 273 8257
666,Kelcie,Archell,karchellih@seattletimes.com,Genderfluid,271 204 1188
667,Lorilee,Medcraft,lmedcraftii@smh.com.au,Non-binary,142 361 3787
668,Isidore,Bateman,ibatemanij@biblegateway.com,Bigender,484 230 2899
669,Winne,Legges,wleggesik@imgur.com,Non-binary,446 722 0959
670,Thain,Goodredge,tgoodredgeil@mail.ru,Bigender,163 141 1274
671,Travis,Biggs,tbiggsim@telegraph.co.uk,Non-binary,267 167 6365
672,Alexia,Priver,apriverin@china.com.cn,Male,624 972 2450
673,Ennis,Ozanne,eozanneio@technorati.com,Agender,989 483 7271
674,Libbie,Picker,lpickerip@dot.gov,Female,219 922 0135
675,Dionysus,Matevushev,dmatevusheviq@oakley.com,Male,122 351 7152
676,Arleyne,McCoid,amccoidir@godaddy.com,Bigender,774 511 6756
677,Renelle,Paireman,rpairemanis@goodreads.com,Genderqueer,645 219 0730
678,Elsa,Paulack,epaulackit@examiner.com,Agender,497 538 1710
679,Saleem,Dinneges,sdinnegesiu@google.co.jp,Genderfluid,726 134 7738
680,Melessa,Burdoun,mburdouniv@fc2.com,Bigender,449 790 1498
681,Heloise,Witts,hwittsiw@nih.gov,Genderfluid,557 626 2087
682,Jehanna,Gerrans,jgerransix@ihg.com,Female,147 438 4827
683,Link,Gunny,lgunnyiy@samsung.com,Male,841 915 7328
684,Margarette,Jenkyn,mjenkyniz@soup.io,Non-binary,140 190 1335
685,Alysia,Agney,aagneyj0@google.de,Female,594 623 4107
686,Rutledge,Farrier,rfarrierj1@live.com,Genderfluid,330 430 7285
687,Breanne,Shard,bshardj2@nba.com,Polygender,617 769 0608
688,Eddie,Haith,ehaithj3@elegantthemes.com,Polygender,232 209 0877
689,Deirdre,Greve,dgrevej4@bandcamp.com,Polygender,823 247 7706
690,Joycelin,Baudry,jbaudryj5@bigcartel.com,Agender,602 164 1539
691,Corabelle,Ioannidis,cioannidisj6@squarespace.com,Male,897 205 3999
692,Aron,Rhelton,arheltonj7@europa.eu,Polygender,371 763 6705
693,Ambrosio,Hannay,ahannayj8@diigo.com,Polygender,600 673 0817
694,Debera,Rushmare,drushmarej9@vk.com,Polygender,766 581 3377
695,Quinton,Maken,qmakenja@google.fr,Female,283 719 7412
696,Guenna,Dionisetto,gdionisettojb@illinois.edu,Genderfluid,847 405 6116
697,Manny,Lavarack,mlavarackjc@t-online.de,Genderqueer,355 540 5339
698,Ebba,Villaret,evillaretjd@ycombinator.com,Bigender,713 410 6598
699,Roth,Ireson,riresonje@twitter.com,Male,826 314 2990
700,Erik,Storre,estorrejf@dailymotion.com,Male,824 451 8724
701,Dale,Pyson,dpysonjg@auda.org.au,Male,652 874 1741
702,Judi,Aspy,jaspyjh@canalblog.com,Female,375 777 9563
703,Katerine,Shardlow,kshardlowji@bizjournals.com,Bigender,357 150 1102
704,Jesus,Litterick,jlitterickjj@miibeian.gov.cn,Bigender,840 155 3159
705,Tabbie,Seifenmacher,tseifenmacherjk@wufoo.com,Polygender,939 694 4338
706,Conrade,Lowndsbrough,clowndsbroughjl@hexun.com,Agender,684 255 4877
707,Alanson,Chastey,achasteyjm@ning.com,Non-binary,381 411 9484
708,Christoffer,Wales,cwalesjn@indiegogo.com,Female,880 216 2615
709,Christalle,Camble,ccamblejo@constantcontact.com,Genderqueer,501 997 1359
710,Moritz,Baszniak,mbaszniakjp@diigo.com,Non-binary,115 788 7466
711,Errick,Causer,ecauserjq@theglobeandmail.com,Genderfluid,546 460 9487
712,Sheppard,Chitson,schitsonjr@ft.com,Male,473 131 0755
713,Toni,Boult,tboultjs@nsw.gov.au,Genderfluid,316 220 6992
714,Lani,Groucutt,lgroucuttjt@opensource.org,Female,214 584 7935
715,Pepe,Durnell,pdurnellju@unicef.org,Genderfluid,849 946 3750
716,Jefferey,Ventham,jventhamjv@friendfeed.com,Polygender,961 361 5329
717,Augy,Aseef,aaseefjw@senate.gov,Male,161 377 5380
718,Lannie,Lockie,llockiejx@hugedomains.com,Polygender,135 408 9414
719,Fernando,Corrin,fcorrinjy@loc.gov,Genderqueer,490 297 7796
720,Oriana,Paaso,opaasojz@nytimes.com,Non-binary,695 674 3664
721,Gabi,De Bischop,gdebischopk0@discuz.net,Non-binary,354 944 5647
722,Joann,De Freyne,jdefreynek1@redcross.org,Bigender,276 456 2963
723,Nonna,Filkin,nfilkink2@mac.com,Bigender,527 499 7702
724,Constancy,Boniface,cbonifacek3@storify.com,Non-binary,296 948 4907
725,Shanta,Breton,sbretonk4@sohu.com,Male,656 429 7453
726,Nonna,Gristhwaite,ngristhwaitek5@cloudflare.com,Female,559 898 3218
727,Eddi,Cassy,ecassyk6@auda.org.au,Male,222 839 0530
728,Jinny,Elsie,jelsiek7@reuters.com,Agender,674 292 4317
729,Sharyl,Gravenell,sgravenellk8@odnoklassniki.ru,Agender,276 643 2684
730,Dalston,Jurisic,djurisick9@shinystat.com,Agender,939 881 7271
731,Isa,Gynn,igynnka@360.cn,Polygender,144 984 5454
732,Aile,Eborn,aebornkb@miitbeian.gov.cn,Female,171 192 3174
733,Ashley,Foakes,afoakeskc@so-net.ne.jp,Agender,524 134 0029
734,Bret,Dubble,bdubblekd@msu.edu,Bigender,698 771 9608
735,Kelley,Tubbs,ktubbske@alibaba.com,Non-binary,768 652 9872
736,Saudra,Gauthorpp,sgauthorppkf@sciencedirect.com,Bigender,543 519 9302
737,Jobina,Cathel,jcathelkg@go.com,Bigender,826 290 5186
738,Benoit,Sieve,bsievekh@bravesites.com,Genderfluid,937 516 6688
739,Georgie,O'Leahy,goleahyki@google.de,Female,552 782 2225
740,Saxon,Lytell,slytellkj@51.la,Bigender,256 670 1659
741,Abbe,Hallick,ahallickkk@wikimedia.org,Male,272 531 8592
742,Kayne,Anker,kankerkl@mtv.com,Bigender,286 591 0959
743,Agnola,Breadon,abreadonkm@guardian.co.uk,Agender,235 164 7974
744,Gretta,Beneze,gbenezekn@abc.net.au,Genderfluid,163 116 6266
745,Chauncey,Tregenna,ctregennako@sfgate.com,Polygender,822 521 4476
746,Erik,Bernucci,ebernuccikp@netscape.com,Non-binary,224 632 8344
747,Gayle,Delamere,gdelamerekq@howstuffworks.com,Genderqueer,516 524 9004
748,Susette,Addenbrooke,saddenbrookekr@mediafire.com,Agender,589 482 0815
749,Codi,Grisdale,cgrisdaleks@ebay.co.uk,Genderfluid,837 945 6815
750,Tabina,McNirlan,tmcnirlankt@jugem.jp,Genderfluid,610 860 6947
751,Brooks,Oylett,boylettku@xing.com,Polygender,321 650 6960
752,Kipper,Bloschke,kbloschkekv@list-manage.com,Polygender,866 518 0938
753,Jessa,Fleisch,jfleischkw@dmoz.org,Non-binary,123 769 0793
754,Valli,Rooson,vroosonkx@1und1.de,Non-binary,583 230 5773
755,Tabor,Vaudin,tvaudinky@4shared.com,Non-binary,991 606 1921
756,Eleonore,Crocetti,ecrocettikz@hud.gov,Bigender,328 487 2322
757,Krysta,Fontin,kfontinl0@irs.gov,Bigender,279 222 9472
758,Guenevere,Nealy,gnealyl1@list-manage.com,Female,460 496 9092
759,Urbain,Ledingham,uledinghaml2@auda.org.au,Agender,986 603 7898
760,Fanchette,Stanwix,fstanwixl3@pen.io,Polygender,829 445 7241
761,Raymond,Barbisch,rbarbischl4@illinois.edu,Male,754 172 0698
762,Fax,Lindblad,flindbladl5@discuz.net,Female,768 197 9819
763,Idelle,Crewdson,icrewdsonl6@etsy.com,Agender,318 889 1056
764,Tabatha,Glassman,tglassmanl7@free.fr,Genderqueer,497 785 3294
765,Neely,Crewe,ncrewel8@deviantart.com,Genderfluid,999 980 2356
766,Amil,Cafe,acafel9@sciencedirect.com,Genderqueer,587 877 1963
767,Paddie,Westrey,pwestreyla@sun.com,Female,261 298 9682
768,Loreen,Dod,ldodlb@i2i.jp,Female,614 135 6438
769,Maggy,Brownjohn,mbrownjohnlc@bravesites.com,Polygender,360 125 6141
770,Nady,Sinson,nsinsonld@goo.ne.jp,Non-binary,703 155 0376
771,Bran,Holyard,bholyardle@deliciousdays.com,Bigender,703 680 5127
772,Leeland,Lake,llakelf@liveinternet.ru,Bigender,401 678 9066
773,Constantin,Yurkov,cyurkovlg@timesonline.co.uk,Female,474 998 1153
774,Doloritas,Maggs,dmaggslh@prnewswire.com,Male,726 829 1482
775,Kesley,Moreinis,kmoreinisli@sakura.ne.jp,Polygender,815 578 8760
776,Sanson,Cheng,schenglj@chicagotribune.com,Female,417 876 2296
777,Dorelia,McCoveney,dmccoveneylk@furl.net,Polygender,356 473 9559
778,Adoree,Lanchester,alanchesterll@behance.net,Male,705 441 1236
779,Bianca,Weaben,bweabenlm@aboutads.info,Genderfluid,581 333 2347
780,Lissi,Mence,lmenceln@senate.gov,Genderqueer,704 148 5384
781,Goober,Andriveaux,gandriveauxlo@tinypic.com,Genderqueer,206 461 4021
782,Cybill,Anyon,canyonlp@baidu.com,Male,324 193 3137
783,Reube,Walisiak,rwalisiaklq@comsenz.com,Genderqueer,920 754 7504
784,Emmett,Harling,eharlinglr@angelfire.com,Agender,941 457 6481
785,Bryna,Anchor,banchorls@comsenz.com,Genderqueer,814 781 9175
786,Gawain,Cartmell,gcartmelllt@imgur.com,Polygender,201 317 3025
787,Nehemiah,Peasby,npeasbylu@uiuc.edu,Genderqueer,350 198 7878
788,Amandie,Siddaley,asiddaleylv@marriott.com,Bigender,797 492 4670
789,Dario,Libri,dlibrilw@rediff.com,Female,653 445 2170
790,Norby,Tritton,ntrittonlx@zdnet.com,Genderfluid,565 565 7526
791,Nickolas,Tomowicz,ntomowiczly@ft.com,Agender,195 224 6467
792,Ulberto,Cadwallader,ucadwalladerlz@biglobe.ne.jp,Genderqueer,938 500 4430
793,Carolus,McInnerny,cmcinnernym0@blogspot.com,Male,393 469 5391
794,Jacinthe,Mohun,jmohunm1@narod.ru,Polygender,412 243 7230
795,Saundra,Lineker,slinekerm2@storify.com,Male,412 387 7126
796,Erl,Bartosiak,ebartosiakm3@newyorker.com,Male,751 256 5322
797,Lyle,Kilshaw,lkilshawm4@qq.com,Male,836 181 3675
798,Clem,Sutherel,csutherelm5@technorati.com,Agender,172 953 0094
799,Amalea,Jeffers,ajeffersm6@tripadvisor.com,Female,538 390 8737
800,Johann,Squelch,jsquelchm7@comcast.net,Bigender,649 619 2522
801,Anabelle,Benneyworth,abenneyworthm8@jalbum.net,Male,770 780 2212
802,Arthur,Peachment,apeachmentm9@blog.com,Non-binary,481 234 8563
803,Perren,Beaty,pbeatyma@networkadvertising.org,Genderfluid,122 560 3236
804,Sauncho,Pingstone,spingstonemb@epa.gov,Genderqueer,512 913 5605
805,Roderick,Borles,rborlesmc@google.de,Female,917 245 8569
806,Bartolomeo,Pennycook,bpennycookmd@is.gd,Polygender,161 525 4528
807,Tonie,O'Dennehy,todennehyme@nytimes.com,Genderqueer,291 160 2545
808,Steffane,Mariot,smariotmf@sogou.com,Bigender,890 964 9031
809,Abbie,Cottill,acottillmg@msu.edu,Non-binary,271 759 2594
810,Daisey,Bockmann,dbockmannmh@ehow.com,Genderqueer,693 966 0328
811,Aylmer,Treen,atreenmi@vistaprint.com,Male,790 895 8394
812,Sharai,Poyle,spoylemj@independent.co.uk,Genderfluid,245 137 9509
813,Vergil,Freathy,vfreathymk@redcross.org,Female,866 947 1783
814,Rinaldo,Dalinder,rdalinderml@state.tx.us,Non-binary,872 677 6046
815,Renee,Crowley,rcrowleymm@cnn.com,Agender,422 875 9577
816,Minette,Leason,mleasonmn@theguardian.com,Male,527 714 4722
817,Romeo,Denness,rdennessmo@uiuc.edu,Genderqueer,445 550 0951
818,Laurette,Molineaux,lmolineauxmp@go.com,Male,876 372 3731
819,Rudd,Hasselby,rhasselbymq@etsy.com,Polygender,106 602 0245
820,Ilario,Milberry,imilberrymr@usa.gov,Polygender,361 662 7159
821,Vyky,Roma,vromams@oracle.com,Male,652 581 6460
822,Mariya,Gourley,mgourleymt@wunderground.com,Non-binary,238 958 1146
823,Sapphira,Godfray,sgodfraymu@economist.com,Non-binary,854 940 1117
824,Bartolomeo,Slay,bslaymv@rambler.ru,Genderqueer,189 935 2323
825,Magdalene,Board,mboardmw@noaa.gov,Non-binary,350 594 7283
826,Donn,Vibert,dvibertmx@usa.gov,Polygender,555 790 8669
827,Darya,Winfrey,dwinfreymy@msu.edu,Female,217 911 9885
828,Mellisa,Paling,mpalingmz@creativecommons.org,Genderfluid,142 991 5884
829,Iver,Jowsey,ijowseyn0@clickbank.net,Polygender,224 281 5839
830,Elizabet,Pinshon,epinshonn1@jalbum.net,Female,318 194 8063
831,Aloise,Dadd,adaddn2@si.edu,Bigender,799 145 3527
832,Derk,McKeag,dmckeagn3@addthis.com,Agender,230 277 9010
833,Les,Niave,lniaven4@cbsnews.com,Polygender,772 316 3323
834,Carena,Saladin,csaladinn5@mashable.com,Genderfluid,368 812 1328
835,Alberto,Chatteris,achatterisn6@surveymonkey.com,Genderqueer,621 193 7267
836,Darell,Grinnell,dgrinnelln7@pbs.org,Bigender,418 697 6314
837,Lorrayne,Hawthorne,lhawthornen8@hexun.com,Genderqueer,803 891 3969
838,Ilse,Blackstock,iblackstockn9@stumbleupon.com,Polygender,821 345 4265
839,Gilemette,Patillo,gpatillona@ocn.ne.jp,Agender,620 797 1745
840,Codie,Keir,ckeirnb@infoseek.co.jp,Non-binary,875 398 4906
841,Jeanette,Kimmerling,jkimmerlingnc@list-manage.com,Non-binary,270 115 3338
842,Neddy,Purple,npurplend@gmpg.org,Bigender,456 531 2883
843,Antonin,Southam,asouthamne@1688.com,Genderfluid,781 752 0283
844,Lucia,Garrat,lgarratnf@phpbb.com,Bigender,916 277 4717
845,Hort,Prop,hpropng@dot.gov,Female,898 954 8640
846,Jan,Rewcastle,jrewcastlenh@deviantart.com,Bigender,329 648 9077
847,Ardine,Kopec,akopecni@google.it,Male,545 318 7790
848,Orella,Mowson,omowsonnj@zdnet.com,Polygender,118 706 6969
849,Roslyn,Beatens,rbeatensnk@mtv.com,Non-binary,483 418 5830
850,Ermentrude,Berget,ebergetnl@umich.edu,Polygender,974 330 1846
851,Stacy,Castane,scastanenm@behance.net,Non-binary,705 717 2176
852,Malia,Graveson,mgravesonnn@miibeian.gov.cn,Agender,734 483 7021
853,Minny,Carnock,mcarnockno@comcast.net,Genderqueer,507 525 1068
854,Ester,Files,efilesnp@nbcnews.com,Genderfluid,398 615 6502
855,Gabriello,Maciaszek,gmaciaszeknq@infoseek.co.jp,Polygender,408 889 0940
856,Chad,Graine,cgrainenr@walmart.com,Male,979 176 8344
857,Verne,Palley,vpalleyns@umich.edu,Female,107 999 2252
858,Uriah,Paolotto,upaolottont@cbslocal.com,Female,980 580 4788
859,Ced,Charteris,ccharterisnu@accuweather.com,Genderqueer,337 669 5162
860,Elenore,Petrulis,epetrulisnv@geocities.jp,Male,789 683 8199
861,Elsie,Howard,ehowardnw@mayoclinic.com,Agender,124 330 4082
862,Melva,Meatcher,mmeatchernx@nbcnews.com,Genderqueer,787 478 7954
863,Babette,Lambersen,blambersenny@nbcnews.com,Non-binary,293 285 7281
864,Brandise,Gilloran,bgillorannz@cbslocal.com,Polygender,524 206 5214
865,Sileas,Espadas,sespadaso0@dailymail.co.uk,Male,838 404 9435
866,Angie,Weightman,aweightmano1@boston.com,Female,600 240 7714
867,Yvor,Simond,ysimondo2@hugedomains.com,Agender,955 444 8581
868,Ignatius,Carlisi,icarlisio3@nba.com,Genderfluid,426 136 1131
869,Clarey,Ogg,coggo4@omniture.com,Agender,494 884 9169
870,Frans,Hayter,fhaytero5@ted.com,Bigender,792 710 3597
871,Wylie,See,wseeo6@google.com.au,Female,477 707 0956
872,Den,Trillo,dtrilloo7@bbb.org,Bigender,343 917 6355
873,Yvon,Thayre,ythayreo8@dailymail.co.uk,Genderfluid,726 893 8610
874,Waneta,Heavy,wheavyo9@independent.co.uk,Non-binary,685 457 7781
875,Clarita,Hakeworth,chakeworthoa@wired.com,Male,385 304 8282
876,Mandie,Chyuerton,mchyuertonob@prweb.com,Genderfluid,383 427 1318
877,Elly,Mothersole,emothersoleoc@yolasite.com,Polygender,231 493 1817
878,Olin,Langlois,olangloisod@jimdo.com,Bigender,673 117 9662
879,Alika,Housbie,ahousbieoe@google.ca,Polygender,998 742 7270
880,Germaine,Laherty,glahertyof@jugem.jp,Genderfluid,913 161 6115
881,Rora,Legier,rlegierog@narod.ru,Genderfluid,849 592 8001
882,Corry,Ricardot,cricardotoh@addthis.com,Male,142 962 0045
883,Merissa,Rickeard,mrickeardoi@webmd.com,Non-binary,380 491 3584
884,Mikel,Iamittii,miamittiioj@wunderground.com,Female,666 331 6388
885,Kristi,McKinney,kmckinneyok@nifty.com,Genderqueer,236 542 5685
886,Benoit,Pooley,bpooleyol@google.fr,Male,217 365 5685
887,Carling,Tobin,ctobinom@sohu.com,Genderfluid,914 888 6700
888,Callean,Leversha,clevershaon@house.gov,Agender,498 873 4380
889,Sherwood,Laity,slaityoo@squidoo.com,Bigender,298 817 5297
890,Artur,Waitland,awaitlandop@marketwatch.com,Genderfluid,839 242 4463
891,Matty,Swatheridge,mswatheridgeoq@who.int,Polygender,403 564 9939
892,Melina,Scotford,mscotfordor@ezinearticles.com,Genderfluid,232 361 4371
893,Carley,Copson,ccopsonos@sitemeter.com,Agender,740 269 9503
894,Lyndy,Spalls,lspallsot@msn.com,Agender,255 357 1579
895,Darsey,Sandever,dsandeverou@upenn.edu,Agender,520 992 4644
896,Guillemette,Fanthom,gfanthomov@yandex.ru,Polygender,227 584 9721
897,Giacopo,Gerson,ggersonow@feedburner.com,Bigender,345 570 8092
898,August,Mufford,amuffordox@yandex.ru,Male,510 995 8915
899,Kiah,Murtell,kmurtelloy@nps.gov,Male,826 878 9725
900,Estell,Ygou,eygouoz@themeforest.net,Male,502 941 1979
901,Fulton,Pandya,fpandyap0@homestead.com,Genderqueer,399 727 6332
902,Alayne,Stryde,astrydep1@hc360.com,Genderqueer,211 677 9009
903,Berky,Mabe,bmabep2@reddit.com,Genderfluid,834 821 8203
904,Livy,Haines,lhainesp3@123-reg.co.uk,Genderqueer,822 222 4810
905,Caterina,Maypole,cmaypolep4@devhub.com,Genderfluid,848 684 2542
906,Perry,Gibbie,pgibbiep5@squarespace.com,Male,169 428 8889
907,Sondra,Dickon,sdickonp6@scribd.com,Bigender,916 552 5183
908,Babita,Petigrew,bpetigrewp7@flickr.com,Genderqueer,794 556 2936
909,Thaddus,Ackers,tackersp8@phpbb.com,Male,259 437 7547
910,Gilbertina,Lenahan,glenahanp9@icio.us,Agender,857 720 2352
911,Granny,Strond,gstrondpa@ifeng.com,Male,320 597 9576
912,Adiana,Sapp,asapppb@comsenz.com,Agender,320 547 4722
913,Kliment,Aim,kaimpc@va.gov,Polygender,864 540 6992
914,Louis,Harbisher,lharbisherpd@mediafire.com,Non-binary,969 834 0770
915,Rabbi,Garden,rgardenpe@phpbb.com,Agender,948 536 6779
916,Katha,Buttrey,kbuttreypf@eepurl.com,Polygender,198 275 5025
917,Carlita,Grane,cgranepg@gnu.org,Female,377 400 6772
918,Bartlett,Dovidian,bdovidianph@privacy.gov.au,Agender,184 515 6437
919,Kial,Bestwerthick,kbestwerthickpi@csmonitor.com,Agender,359 616 0482
920,Lezley,Oldaker,loldakerpj@mayoclinic.com,Non-binary,453 617 8936
921,Roxine,McNelly,rmcnellypk@tuttocitta.it,Female,877 277 8467
922,Alice,Fleeming,afleemingpl@indiatimes.com,Bigender,669 485 4265
923,Brian,Franca,bfrancapm@ameblo.jp,Bigender,668 894 5468
924,Ursola,McDowall,umcdowallpn@weather.com,Female,830 368 9110
925,Keriann,Meadmore,kmeadmorepo@comsenz.com,Genderqueer,955 702 6849
926,Lemmy,Delgua,ldelguapp@youku.com,Agender,353 185 3105
927,Cybill,Vasse,cvassepq@deliciousdays.com,Agender,417 408 4197
928,Tiebout,Got,tgotpr@purevolume.com,Polygender,478 281 3726
929,Georgie,Feldmesser,gfeldmesserps@patch.com,Female,878 417 1692
930,Gwen,Ninnotti,gninnottipt@networksolutions.com,Agender,244 712 3650
931,Kimmi,Dorran,kdorranpu@nih.gov,Male,375 100 0608
932,Tess,Nolte,tnoltepv@imdb.com,Female,859 647 0388
933,Garik,Cosby,gcosbypw@dagondesign.com,Male,802 723 2534
934,Heindrick,Coplestone,hcoplestonepx@state.gov,Agender,810 940 0958
935,Emalee,Harsnipe,eharsnipepy@dailymotion.com,Genderfluid,558 662 4343
936,Edithe,Althrope,ealthropepz@answers.com,Bigender,830 192 6133
937,Amos,Hardern,ahardernq0@amazon.co.uk,Genderfluid,740 422 5264
938,Fredi,Speake,fspeakeq1@gov.uk,Non-binary,155 834 5847
939,Marinna,Krzysztofiak,mkrzysztofiakq2@goo.gl,Genderfluid,790 316 9157
940,Elli,Seage,eseageq3@bing.com,Female,775 554 7016
941,Berta,Sayton,bsaytonq4@free.fr,Genderfluid,453 725 5787
942,Amalita,Borrie,aborrieq5@archive.org,Polygender,274 546 1821
943,Tally,Stebbings,tstebbingsq6@amazon.co.jp,Female,790 151 2883
944,Faunie,Driscoll,fdriscollq7@weather.com,Genderqueer,500 621 2303
945,Odille,Hofler,ohoflerq8@npr.org,Non-binary,613 954 5371
946,Addie,Grimmert,agrimmertq9@usatoday.com,Non-binary,682 185 6362
947,Layton,Mignot,lmignotqa@slideshare.net,Agender,276 238 1756
948,Paul,Regis,pregisqb@springer.com,Female,259 525 4511
949,Gwenette,Vaughten,gvaughtenqc@networkadvertising.org,Female,903 266 7790
950,Mallory,Dudley,mdudleyqd@arizona.edu,Female,997 457 4278
951,Daffi,Mowle,dmowleqe@economist.com,Genderfluid,368 968 1188
952,Saxe,Burkman,sburkmanqf@topsy.com,Bigender,760 106 6672
953,Iggie,Folan,ifolanqg@livejournal.com,Genderfluid,757 233 1832
954,Reuben,Perceval,rpercevalqh@is.gd,Genderfluid,602 768 8239
955,Palm,Doberer,pdobererqi@diigo.com,Non-binary,408 527 2248
956,Kerry,McNaughton,kmcnaughtonqj@hostgator.com,Agender,714 318 9424
957,Zena,Felder,zfelderqk@pcworld.com,Genderfluid,359 117 1076
958,Matilda,Brasier,mbrasierql@blog.com,Bigender,996 397 5133
959,Lidia,Winsom,lwinsomqm@npr.org,Polygender,718 647 7968
960,Dulcea,Davidov,ddavidovqn@fotki.com,Genderfluid,106 616 4770
961,Camel,Cockerill,ccockerillqo@sohu.com,Genderfluid,744 184 7719
962,Edy,Agett,eagettqp@zimbio.com,Genderfluid,358 790 5457
963,Antonius,Fysh,afyshqq@histats.com,Bigender,733 619 8522
964,Jeanna,Turbard,jturbardqr@about.com,Bigender,534 156 4298
965,Liza,Goad,lgoadqs@bigcartel.com,Genderfluid,771 217 7431
966,Georgina,Mattschas,gmattschasqt@usgs.gov,Genderqueer,586 165 2141
967,Joletta,Spoor,jspoorqu@histats.com,Genderqueer,948 747 8575
968,Lillis,Everett,leverettqv@gizmodo.com,Male,263 808 2326
969,Germain,Karczinski,gkarczinskiqw@deviantart.com,Genderqueer,524 622 8963
970,Annelise,Kreutzer,akreutzerqx@nbcnews.com,Genderqueer,550 751 0592
971,Tedmund,Beaufoy,tbeaufoyqy@lulu.com,Genderfluid,502 860 2367
972,Candis,Shillitoe,cshillitoeqz@reuters.com,Polygender,406 412 2778
973,Bevin,Couth,bcouthr0@freewebs.com,Genderqueer,494 385 9306
974,Hendrika,Connerly,hconnerlyr1@merriam-webster.com,Bigender,378 559 0369
975,Robin,Whoolehan,rwhoolehanr2@google.nl,Genderqueer,457 124 0361
976,Timmy,Whimpenny,twhimpennyr3@slashdot.org,Agender,306 653 1920
977,Ward,Shafe,wshafer4@slideshare.net,Bigender,295 257 9264
978,Nanon,Denniss,ndennissr5@fastcompany.com,Non-binary,555 416 5575
979,Arnoldo,Roddick,aroddickr6@themeforest.net,Female,933 977 3115
980,Emlyn,Agg,eaggr7@irs.gov,Polygender,574 762 3665
981,Gloriana,Thorington,gthoringtonr8@so-net.ne.jp,Agender,275 621 1544
982,Jacquette,Jeste,jjester9@cornell.edu,Genderfluid,973 195 2525
983,Eward,Crudgington,ecrudgingtonra@yahoo.co.jp,Polygender,495 483 0378
984,Laurens,Tapsfield,ltapsfieldrb@free.fr,Male,304 760 3877
985,Far,Birkmyre,fbirkmyrerc@google.com.hk,Agender,517 341 7820
986,Kalie,Gasticke,kgastickerd@microsoft.com,Bigender,121 817 7838
987,Malva,De Laci,mdelacire@vkontakte.ru,Genderfluid,594 343 0223
988,Anastasie,Paddison,apaddisonrf@examiner.com,Female,943 949 5380
989,Yolande,Sellwood,ysellwoodrg@barnesandnoble.com,Male,845 262 5440
990,Heinrick,Grimolbie,hgrimolbierh@symantec.com,Polygender,357 968 5977
991,Bartholemy,Croysdale,bcroysdaleri@msu.edu,Male,915 619 1627
992,Alfie,Nemchinov,anemchinovrj@nps.gov,Male,811 769 2351
993,Dyna,Silversmid,dsilversmidrk@foxnews.com,Genderqueer,153 928 2692
994,Bendite,Andrassy,bandrassyrl@mac.com,Female,475 360 9745
995,Regan,Samett,rsamettrm@freewebs.com,Bigender,845 302 8512
996,Malinda,Lownes,mlownesrn@dell.com,Genderfluid,549 611 1759
997,Bryna,Senyard,bsenyardro@tripadvisor.com,Bigender,935 919 7699
998,Kay,Menichillo,kmenichillorp@tamu.edu,Genderqueer,444 858 7728
999,Oralle,Castenda,ocastendarq@chron.com,Bigender,440 874 2537
1000,Kandace,Stuchbury,kstuchburyrr@patch.com,Agender,502 904 4948
